Workbook
Name tabella: Vendite!$B$23:$F$77
Name tabella: #REF!

Sheet Vendite
A1: ID Vendita | B1: data | C1: Venditore | D1: Provincia | E1: Settore | F1: Fatturato | G1: ID tipo pagamento | H1: Regione | I1: Sigla | J1: Zona | K1: Vedite | L1: Fascia d'importo | M1: Modalità di pagamento
A2: 1 | B2: 41719 | C2: Neri | D2: Piacenza | E2: Libri | F2: 360 | G2: 3 | H2: =VLOOKUP(D2,'Dati di Supporto'!$B$2:$C$104,2,FALSE) -> Emilia-Romagna | I2: =VLOOKUP(D2,'Dati di Supporto'!B2:$D$104,3,TRUE) -> PC | J2: =VLOOKUP(H2,'Dati di Supporto'!$G$2:$H$21,2,FALSE) -> NORD | K2: =COUNTIF($C$2:$C$501,C2) -> 70 | L2: =_xlfn.IFS(Vendite!F2<'Dati di Supporto'!$O$3,'Dati di Supporto'!$P$2,Vendite!F2<'Dati di Supporto'!$O$4,'Dati di Supporto'!$P$3,Vendite!F2<'Dati di Supporto'!$O$5,'Dati di Supporto'!$P$4,Vendite!F2<'Dati di Supporto'!$O$6,'Dati di Supporto'!$P$5,Vendite!F2>'Dati di Supporto'!$O$6,'Dati di Supporto'!$P$6) -> Fascia 1 (inferiore a 400 €) | M2: =_xlfn.IFS(G2='Dati di Supporto'!$O$10,'Dati di Supporto'!$P$10,Vendite!G2='Dati di Supporto'!$O$11,'Dati di Supporto'!$P$11,Vendite!G2='Dati di Supporto'!$O$12,'Dati di Supporto'!$P$12,Vendite!G2='Dati di Supporto'!$O$13,'Dati di Supporto'!$P$13,Vendite!G2='Dati di Supporto'!$O$14,'Dati di Supporto'!$P$14) -> Carta di credito
A3: 2 | B3: 41714 | C3: Bianchi | D3: Pistoia | E3: Libri | F3: 1496 | G3: 5 | H3: =VLOOKUP(D3,'Dati di Supporto'!$B$2:$C$104,2,FALSE) -> Toscana | I3: =VLOOKUP(D3,'Dati di Supporto'!B3:$D$104,3,TRUE) -> PT | J3: =VLOOKUP(H3,'Dati di Supporto'!$G$2:$H$21,2,FALSE) -> CENTRO | K3: =COUNTIF($C$2:$C$501,C3) -> 87 | L3: =_xlfn.IFS(Vendite!F3<'Dati di Supporto'!$O$3,'Dati di Supporto'!$P$2,Vendite!F3<'Dati di Supporto'!$O$4,'Dati di Supporto'!$P$3,Vendite!F3<'Dati di Supporto'!$O$5,'Dati di Supporto'!$P$4,Vendite!F3<'Dati di Supporto'!$O$6,'Dati di Supporto'!$P$5,Vendite!F3>'Dati di Supporto'!$O$6,'Dati di Supporto'!$P$6) -> Fascia 4 (da 1200 € a meno di 1500 €) | M3: =_xlfn.IFS(G3='Dati di Supporto'!$O$10,'Dati di Supporto'!$P$10,Vendite!G3='Dati di Supporto'!$O$11,'Dati di Supporto'!$P$11,Vendite!G3='Dati di Supporto'!$O$12,'Dati di Supporto'!$P$12,Vendite!G3='Dati di Supporto'!$O$13,'Dati di Supporto'!$P$13,Vendite!G3='Dati di Supporto'!$O$14,'Dati di Supporto'!$P$14) -> Assegno Bancario
A4: 3 | B4: 41694 | C4: Bianchi | D4: Verbano-Cusio-Ossola | E4: Informatica | F4: 1342 | G4: 4 | H4: =VLOOKUP(D4,'Dati di Supporto'!$B$2:$C$104,2,FALSE) -> Piemonte | I4: =VLOOKUP(D4,'Dati di Supporto'!B4:$D$104,3,TRUE) -> VB | J4: =VLOOKUP(H4,'Dati di Supporto'!$G$2:$H$21,2,FALSE) -> NORD | K4: =COUNTIF($C$2:$C$501,C4) -> 87 | L4: =_xlfn.IFS(Vendite!F4<'Dati di Supporto'!$O$3,'Dati di Supporto'!$P$2,Vendite!F4<'Dati di Supporto'!$O$4,'Dati di Supporto'!$P$3,Vendite!F4<'Dati di Supporto'!$O$5,'Dati di Supporto'!$P$4,Vendite!F4<'Dati di Supporto'!$O$6,'Dati di Supporto'!$P$5,Vendite!F4>'Dati di Supporto'!$O$6,'Dati di Supporto'!$P$6) -> Fascia 4 (da 1200 € a meno di 1500 €) | M4: =_xlfn.IFS(G4='Dati di Supporto'!$O$10,'Dati di Supporto'!$P$10,Vendite!G4='Dati di Supporto'!$O$11,'Dati di Supporto'!$P$11,Vendite!G4='Dati di Supporto'!$O$12,'Dati di Supporto'!$P$12,Vendite!G4='Dati di Supporto'!$O$13,'Dati di Supporto'!$P$13,Vendite!G4='Dati di Supporto'!$O$14,'Dati di Supporto'!$P$14) -> Bollettino postale
A5: 4 | B5: 41810 | C5: Azzurri | D5: Ravenna | E5: Art. Regalo | F5: 972 | G5: 1 | H5: =VLOOKUP(D5,'Dati di Supporto'!$B$2:$C$104,2,FALSE) -> Emilia-Romagna | I5: =VLOOKUP(D5,'Dati di Supporto'!B5:$D$104,3,TRUE) -> RA | J5: =VLOOKUP(H5,'Dati di Supporto'!$G$2:$H$21,2,FALSE) -> NORD | K5: =COUNTIF($C$2:$C$501,C5) -> 83 | L5: =_xlfn.IFS(Vendite!F5<'Dati di Supporto'!$O$3,'Dati di Supporto'!$P$2,Vendite!F5<'Dati di Supporto'!$O$4,'Dati di Supporto'!$P$3,Vendite!F5<'Dati di Supporto'!$O$5,'Dati di Supporto'!$P$4,Vendite!F5<'Dati di Supporto'!$O$6,'Dati di Supporto'!$P$5,Vendite!F5>'Dati di Supporto'!$O$6,'Dati di Supporto'!$P$6) -> Fascia 3 (da 800 € a meno di 1200 €) | M5: =_xlfn.IFS(G5='Dati di Supporto'!$O$10,'Dati di Supporto'!$P$10,Vendite!G5='Dati di Supporto'!$O$11,'Dati di Supporto'!$P$11,Vendite!G5='Dati di Supporto'!$O$12,'Dati di Supporto'!$P$12,Vendite!G5='Dati di Supporto'!$O$13,'Dati di Supporto'!$P$13,Vendite!G5='Dati di Supporto'!$O$14,'Dati di Supporto'!$P$14) -> Contanti
A6: 5 | B6: 41663 | C6: Bianchi | D6: Pisa | E6: Informatica | F6: 348 | G6: 2 | H6: =VLOOKUP(D6,'Dati di Supporto'!$B$2:$C$104,2,FALSE) -> Toscana | I6: =VLOOKUP(D6,'Dati di Supporto'!B6:$D$104,3,TRUE) -> PI | J6: =VLOOKUP(H6,'Dati di Supporto'!$G$2:$H$21,2,FALSE) -> CENTRO | K6: =COUNTIF($C$2:$C$501,C6) -> 87 | L6: =_xlfn.IFS(Vendite!F6<'Dati di Supporto'!$O$3,'Dati di Supporto'!$P$2,Vendite!F6<'Dati di Supporto'!$O$4,'Dati di Supporto'!$P$3,Vendite!F6<'Dati di Supporto'!$O$5,'Dati di Supporto'!$P$4,Vendite!F6<'Dati di Supporto'!$O$6,'Dati di Supporto'!$P$5,Vendite!F6>'Dati di Supporto'!$O$6,'Dati di Supporto'!$P$6) -> Fascia 1 (inferiore a 400 €) | M6: =_xlfn.IFS(G6='Dati di Supporto'!$O$10,'Dati di Supporto'!$P$10,Vendite!G6='Dati di Supporto'!$O$11,'Dati di Supporto'!$P$11,Vendite!G6='Dati di Supporto'!$O$12,'Dati di Supporto'!$P$12,Vendite!G6='Dati di Supporto'!$O$13,'Dati di Supporto'!$P$13,Vendite!G6='Dati di Supporto'!$O$14,'Dati di Supporto'!$P$14) -> Bonifico Bancario
A7: 6 | B7: 41701 | C7: Bianchi | D7: Vercelli | E7: Cancelleria | F7: 31 | G7: 1 | H7: =VLOOKUP(D7,'Dati di Supporto'!$B$2:$C$104,2,FALSE) -> Piemonte | I7: =VLOOKUP(D7,'Dati di Supporto'!B7:$D$104,3,TRUE) -> VC | J7: =VLOOKUP(H7,'Dati di Supporto'!$G$2:$H$21,2,FALSE) -> NORD | K7: =COUNTIF($C$2:$C$501,C7) -> 87 | L7: =_xlfn.IFS(Vendite!F7<'Dati di Supporto'!$O$3,'Dati di Supporto'!$P$2,Vendite!F7<'Dati di Supporto'!$O$4,'Dati di Supporto'!$P$3,Vendite!F7<'Dati di Supporto'!$O$5,'Dati di Supporto'!$P$4,Vendite!F7<'Dati di Supporto'!$O$6,'Dati di Supporto'!$P$5,Vendite!F7>'Dati di Supporto'!$O$6,'Dati di Supporto'!$P$6) -> Fascia 1 (inferiore a 400 €) | M7: =_xlfn.IFS(G7='Dati di Supporto'!$O$10,'Dati di Supporto'!$P$10,Vendite!G7='Dati di Supporto'!$O$11,'Dati di Supporto'!$P$11,Vendite!G7='Dati di Supporto'!$O$12,'Dati di Supporto'!$P$12,Vendite!G7='Dati di Supporto'!$O$13,'Dati di Supporto'!$P$13,Vendite!G7='Dati di Supporto'!$O$14,'Dati di Supporto'!$P$14) -> Contanti
A8: 7 | B8: 41738 | C8: Bianchi | D8: Sassari | E8: Art. Regalo | F8: 1087 | G8: 4 | H8: =VLOOKUP(D8,'Dati di Supporto'!$B$2:$C$104,2,FALSE) -> Sardegna | I8: =VLOOKUP(D8,'Dati di Supporto'!B8:$D$104,3,TRUE) -> SS | J8: =VLOOKUP(H8,'Dati di Supporto'!$G$2:$H$21,2,FALSE) -> ISOLE | K8: =COUNTIF($C$2:$C$501,C8) -> 87 | L8: =_xlfn.IFS(Vendite!F8<'Dati di Supporto'!$O$3,'Dati di Supporto'!$P$2,Vendite!F8<'Dati di Supporto'!$O$4,'Dati di Supporto'!$P$3,Vendite!F8<'Dati di Supporto'!$O$5,'Dati di Supporto'!$P$4,Vendite!F8<'Dati di Supporto'!$O$6,'Dati di Supporto'!$P$5,Vendite!F8>'Dati di Supporto'!$O$6,'Dati di Supporto'!$P$6) -> Fascia 3 (da 800 € a meno di 1200 €) | M8: =_xlfn.IFS(G8='Dati di Supporto'!$O$10,'Dati di Supporto'!$P$10,Vendite!G8='Dati di Supporto'!$O$11,'Dati di Supporto'!$P$11,Vendite!G8='Dati di Supporto'!$O$12,'Dati di Supporto'!$P$12,Vendite!G8='Dati di Supporto'!$O$13,'Dati di Supporto'!$P$13,Vendite!G8='Dati di Supporto'!$O$14,'Dati di Supporto'!$P$14) -> Bollettino postale
A9: 8 | B9: 41742 | C9: Azzurri | D9: Sassari | E9: Informatica | F9: 760 | G9: 2 | H9: =VLOOKUP(D9,'Dati di Supporto'!$B$2:$C$104,2,FALSE) -> Sardegna | I9: =VLOOKUP(D9,'Dati di Supporto'!B9:$D$104,3,TRUE) -> SS | J9: =VLOOKUP(H9,'Dati di Supporto'!$G$2:$H$21,2,FALSE) -> ISOLE | K9: =COUNTIF($C$2:$C$501,C9) -> 83 | L9: =_xlfn.IFS(Vendite!F9<'Dati di Supporto'!$O$3,'Dati di Supporto'!$P$2,Vendite!F9<'Dati di Supporto'!$O$4,'Dati di Supporto'!$P$3,Vendite!F9<'Dati di Supporto'!$O$5,'Dati di Supporto'!$P$4,Vendite!F9<'Dati di Supporto'!$O$6,'Dati di Supporto'!$P$5,Vendite!F9>'Dati di Supporto'!$O$6,'Dati di Supporto'!$P$6) -> Fascia 2 (da 400 € a meno di 800 €) | M9: =_xlfn.IFS(G9='Dati di Supporto'!$O$10,'Dati di Supporto'!$P$10,Vendite!G9='Dati di Supporto'!$O$11,'Dati di Supporto'!$P$11,Vendite!G9='Dati di Supporto'!$O$12,'Dati di Supporto'!$P$12,Vendite!G9='Dati di Supporto'!$O$13,'Dati di Supporto'!$P$13,Vendite!G9='Dati di Supporto'!$O$14,'Dati di Supporto'!$P$14) -> Bonifico Bancario
A10: 9 | B10: 41754 | C10: Azzurri | D10: Pistoia | E10: Informatica | F10: 10 | G10: 5 | H10: =VLOOKUP(D10,'Dati di Supporto'!$B$2:$C$104,2,FALSE) -> Toscana | I10: =VLOOKUP(D10,'Dati di Supporto'!B10:$D$104,3,TRUE) -> PT | J10: =VLOOKUP(H10,'Dati di Supporto'!$G$2:$H$21,2,FALSE) -> CENTRO | K10: =COUNTIF($C$2:$C$501,C10) -> 83 | L10: =_xlfn.IFS(Vendite!F10<'Dati di Supporto'!$O$3,'Dati di Supporto'!$P$2,Vendite!F10<'Dati di Supporto'!$O$4,'Dati di Supporto'!$P$3,Vendite!F10<'Dati di Supporto'!$O$5,'Dati di Supporto'!$P$4,Vendite!F10<'Dati di Supporto'!$O$6,'Dati di Supporto'!$P$5,Vendite!F10>'Dati di Supporto'!$O$6,'Dati di Supporto'!$P$6) -> Fascia 1 (inferiore a 400 €) | M10: =_xlfn.IFS(G10='Dati di Supporto'!$O$10,'Dati di Supporto'!$P$10,Vendite!G10='Dati di Supporto'!$O$11,'Dati di Supporto'!$P$11,Vendite!G10='Dati di Supporto'!$O$12,'Dati di Supporto'!$P$12,Vendite!G10='Dati di Supporto'!$O$13,'Dati di Supporto'!$P$13,Vendite!G10='Dati di Supporto'!$O$14,'Dati di Supporto'!$P$14) -> Assegno Bancario
A11: 10 | B11: 41722 | C11: Azzurri | D11: Trieste | E11: Libri | F11: 357 | G11: 2 | H11: =VLOOKUP(D11,'Dati di Supporto'!$B$2:$C$104,2,FALSE) -> Friuli-Venezia Giulia | I11: =VLOOKUP(D11,'Dati di Supporto'!B11:$D$104,3,TRUE) -> TS | J11: =VLOOKUP(H11,'Dati di Supporto'!$G$2:$H$21,2,FALSE) -> NORD | K11: =COUNTIF($C$2:$C$501,C11) -> 83 | L11: =_xlfn.IFS(Vendite!F11<'Dati di Supporto'!$O$3,'Dati di Supporto'!$P$2,Vendite!F11<'Dati di Supporto'!$O$4,'Dati di Supporto'!$P$3,Vendite!F11<'Dati di Supporto'!$O$5,'Dati di Supporto'!$P$4,Vendite!F11<'Dati di Supporto'!$O$6,'Dati di Supporto'!$P$5,Vendite!F11>'Dati di Supporto'!$O$6,'Dati di Supporto'!$P$6) -> Fascia 1 (inferiore a 400 €) | M11: =_xlfn.IFS(G11='Dati di Supporto'!$O$10,'Dati di Supporto'!$P$10,Vendite!G11='Dati di Supporto'!$O$11,'Dati di Supporto'!$P$11,Vendite!G11='Dati di Supporto'!$O$12,'Dati di Supporto'!$P$12,Vendite!G11='Dati di Supporto'!$O$13,'Dati di Supporto'!$P$13,Vendite!G11='Dati di Supporto'!$O$14,'Dati di Supporto'!$P$14) -> Bonifico Bancario
A12: 11 | B12: 41784 | C12: Azzurri | D12: Sassari | E12: Informatica | F12: 19 | G12: 1 | H12: =VLOOKUP(D12,'Dati di Supporto'!$B$2:$C$104,2,FALSE) -> Sardegna | I12: =VLOOKUP(D12,'Dati di Supporto'!B12:$D$104,3,TRUE) -> SS | J12: =VLOOKUP(H12,'Dati di Supporto'!$G$2:$H$21,2,FALSE) -> ISOLE | K12: =COUNTIF($C$2:$C$501,C12) -> 83 | L12: =_xlfn.IFS(Vendite!F12<'Dati di Supporto'!$O$3,'Dati di Supporto'!$P$2,Vendite!F12<'Dati di Supporto'!$O$4,'Dati di Supporto'!$P$3,Vendite!F12<'Dati di Supporto'!$O$5,'Dati di Supporto'!$P$4,Vendite!F12<'Dati di Supporto'!$O$6,'Dati di Supporto'!$P$5,Vendite!F12>'Dati di Supporto'!$O$6,'Dati di Supporto'!$P$6) -> Fascia 1 (inferiore a 400 €) | M12: =_xlfn.IFS(G12='Dati di Supporto'!$O$10,'Dati di Supporto'!$P$10,Vendite!G12='Dati di Supporto'!$O$11,'Dati di Supporto'!$P$11,Vendite!G12='Dati di Supporto'!$O$12,'Dati di Supporto'!$P$12,Vendite!G12='Dati di Supporto'!$O$13,'Dati di Supporto'!$P$13,Vendite!G12='Dati di Supporto'!$O$14,'Dati di Supporto'!$P$14) -> Contanti
A13: 12 | B13: 41774 | C13: Rossi | D13: Rimini | E13: Cancelleria | F13: 20 | G13: 1 | H13: =VLOOKUP(D13,'Dati di Supporto'!$B$2:$C$104,2,FALSE) -> Emilia-Romagna | I13: =VLOOKUP(D13,'Dati di Supporto'!B13:$D$104,3,TRUE) -> RN | J13: =VLOOKUP(H13,'Dati di Supporto'!$G$2:$H$21,2,FALSE) -> NORD | K13: =COUNTIF($C$2:$C$501,C13) -> 96 | L13: =_xlfn.IFS(Vendite!F13<'Dati di Supporto'!$O$3,'Dati di Supporto'!$P$2,Vendite!F13<'Dati di Supporto'!$O$4,'Dati di Supporto'!$P$3,Vendite!F13<'Dati di Supporto'!$O$5,'Dati di Supporto'!$P$4,Vendite!F13<'Dati di Supporto'!$O$6,'Dati di Supporto'!$P$5,Vendite!F13>'Dati di Supporto'!$O$6,'Dati di Supporto'!$P$6) -> Fascia 1 (inferiore a 400 €) | M13: =_xlfn.IFS(G13='Dati di Supporto'!$O$10,'Dati di Supporto'!$P$10,Vendite!G13='Dati di Supporto'!$O$11,'Dati di Supporto'!$P$11,Vendite!G13='Dati di Supporto'!$O$12,'Dati di Supporto'!$P$12,Vendite!G13='Dati di Supporto'!$O$13,'Dati di Supporto'!$P$13,Vendite!G13='Dati di Supporto'!$O$14,'Dati di Supporto'!$P$14) -> Contanti
... A72: 71 | B72: 41802 | C72: Bianchi | D72: Vibo Valentia | E72: Libri | F72: 1049 | G72: 3 | H72: =VLOOKUP(D72,'Dati di Supporto'!$B$2:$C$104,2,FALSE) -> Calabria | I72: =VLOOKUP(D72,'Dati di Supporto'!B72:$D$104,3,TRUE) -> VV | J72: =VLOOKUP(H72,'Dati di Supporto'!$G$2:$H$21,2,FALSE) -> SUD | K72: =COUNTIF($C$2:$C$501,C72) -> 87 | L72: =_xlfn.IFS(Vendite!F72<'Dati di Supporto'!$O$3,'Dati di Supporto'!$P$2,Vendite!F72<'Dati di Supporto'!$O$4,'Dati di Supporto'!$P$3,Vendite!F72<'Dati di Supporto'!$O$5,'Dati di Supporto'!$P$4,Vendite!F72<'Dati di Supporto'!$O$6,'Dati di Supporto'!$P$5,Vendite!F72>'Dati di Supporto'!$O$6,'Dati di Supporto'!$P$6) -> Fascia 3 (da 800 € a meno di 1200 €) | M72: =_xlfn.IFS(G72='Dati di Supporto'!$O$10,'Dati di Supporto'!$P$10,Vendite!G72='Dati di Supporto'!$O$11,'Dati di Supporto'!$P$11,Vendite!G72='Dati di Supporto'!$O$12,'Dati di Supporto'!$P$12,Vendite!G72='Dati di Supporto'!$O$13,'Dati di Supporto'!$P$13,Vendite!G72='Dati di Supporto'!$O$14,'Dati di Supporto'!$P$14) -> Carta di credito
A73: 72 | B73: 41762 | C73: Rossi | D73: Perugia | E73: Libri | F73: 1037 | G73: 4 | H73: =VLOOKUP(D73,'Dati di Supporto'!$B$2:$C$104,2,FALSE) -> Umbria | I73: =VLOOKUP(D73,'Dati di Supporto'!$B$2:$D$104,3,FALSE) -> PG | J73: =VLOOKUP(H73,'Dati di Supporto'!$G$2:$H$21,2,FALSE) -> CENTRO | K73: =COUNTIF($C$2:$C$501,C73) -> 96 | L73: =_xlfn.IFS(Vendite!F73<'Dati di Supporto'!$O$3,'Dati di Supporto'!$P$2,Vendite!F73<'Dati di Supporto'!$O$4,'Dati di Supporto'!$P$3,Vendite!F73<'Dati di Supporto'!$O$5,'Dati di Supporto'!$P$4,Vendite!F73<'Dati di Supporto'!$O$6,'Dati di Supporto'!$P$5,Vendite!F73>'Dati di Supporto'!$O$6,'Dati di Supporto'!$P$6) -> Fascia 3 (da 800 € a meno di 1200 €) | M73: =_xlfn.IFS(G73='Dati di Supporto'!$O$10,'Dati di Supporto'!$P$10,Vendite!G73='Dati di Supporto'!$O$11,'Dati di Supporto'!$P$11,Vendite!G73='Dati di Supporto'!$O$12,'Dati di Supporto'!$P$12,Vendite!G73='Dati di Supporto'!$O$13,'Dati di Supporto'!$P$13,Vendite!G73='Dati di Supporto'!$O$14,'Dati di Supporto'!$P$14) -> Bollettino postale
A74: 73 | B74: 41738 | C74: Bianchi | D74: Pordenone | E74: Giocattoli | F74: 1235 | G74: 3 | H74: =VLOOKUP(D74,'Dati di Supporto'!$B$2:$C$104,2,FALSE) -> Friuli-Venezia Giulia | I74: =VLOOKUP(D74,'Dati di Supporto'!$B$2:$D$104,3,FALSE) -> PN | J74: =VLOOKUP(H74,'Dati di Supporto'!$G$2:$H$21,2,FALSE) -> NORD | K74: =COUNTIF($C$2:$C$501,C74) -> 87 | L74: =_xlfn.IFS(Vendite!F74<'Dati di Supporto'!$O$3,'Dati di Supporto'!$P$2,Vendite!F74<'Dati di Supporto'!$O$4,'Dati di Supporto'!$P$3,Vendite!F74<'Dati di Supporto'!$O$5,'Dati di Supporto'!$P$4,Vendite!F74<'Dati di Supporto'!$O$6,'Dati di Supporto'!$P$5,Vendite!F74>'Dati di Supporto'!$O$6,'Dati di Supporto'!$P$6) -> Fascia 4 (da 1200 € a meno di 1500 €) | M74: =_xlfn.IFS(G74='Dati di Supporto'!$O$10,'Dati di Supporto'!$P$10,Vendite!G74='Dati di Supporto'!$O$11,'Dati di Supporto'!$P$11,Vendite!G74='Dati di Supporto'!$O$12,'Dati di Supporto'!$P$12,Vendite!G74='Dati di Supporto'!$O$13,'Dati di Supporto'!$P$13,Vendite!G74='Dati di Supporto'!$O$14,'Dati di Supporto'!$P$14) -> Carta di credito
A75: 74 | B75: 41720 | C75: Verdi | D75: Udine | E75: Cancelleria | F75: 294 | G75: 3 | H75: =VLOOKUP(D75,'Dati di Supporto'!$B$2:$C$104,2,FALSE) -> Friuli-Venezia Giulia | I75: =VLOOKUP(D75,'Dati di Supporto'!$B$2:$D$104,3,FALSE) -> UD | J75: =VLOOKUP(H75,'Dati di Supporto'!$G$2:$H$21,2,FALSE) -> NORD | K75: =COUNTIF($C$2:$C$501,C75) -> 84 | L75: =_xlfn.IFS(Vendite!F75<'Dati di Supporto'!$O$3,'Dati di Supporto'!$P$2,Vendite!F75<'Dati di Supporto'!$O$4,'Dati di Supporto'!$P$3,Vendite!F75<'Dati di Supporto'!$O$5,'Dati di Supporto'!$P$4,Vendite!F75<'Dati di Supporto'!$O$6,'Dati di Supporto'!$P$5,Vendite!F75>'Dati di Supporto'!$O$6,'Dati di Supporto'!$P$6) -> Fascia 1 (inferiore a 400 €) | M75: =_xlfn.IFS(G75='Dati di Supporto'!$O$10,'Dati di Supporto'!$P$10,Vendite!G75='Dati di Supporto'!$O$11,'Dati di Supporto'!$P$11,Vendite!G75='Dati di Supporto'!$O$12,'Dati di Supporto'!$P$12,Vendite!G75='Dati di Supporto'!$O$13,'Dati di Supporto'!$P$13,Vendite!G75='Dati di Supporto'!$O$14,'Dati di Supporto'!$P$14) -> Carta di credito
A76: 75 | B76: 41715 | C76: Gialli | D76: Varese | E76: Giocattoli | F76: 785 | G76: 4 | H76: =VLOOKUP(D76,'Dati di Supporto'!$B$2:$C$104,2,FALSE) -> Lombardia | I76: =VLOOKUP(D76,'Dati di Supporto'!$B$2:$D$104,3,FALSE) -> VA | J76: =VLOOKUP(H76,'Dati di Supporto'!$G$2:$H$21,2,FALSE) -> NORD | K76: =COUNTIF($C$2:$C$501,C76) -> 80 | L76: =_xlfn.IFS(Vendite!F76<'Dati di Supporto'!$O$3,'Dati di Supporto'!$P$2,Vendite!F76<'Dati di Supporto'!$O$4,'Dati di Supporto'!$P$3,Vendite!F76<'Dati di Supporto'!$O$5,'Dati di Supporto'!$P$4,Vendite!F76<'Dati di Supporto'!$O$6,'Dati di Supporto'!$P$5,Vendite!F76>'Dati di Supporto'!$O$6,'Dati di Supporto'!$P$6) -> Fascia 2 (da 400 € a meno di 800 €) | M76: =_xlfn.IFS(G76='Dati di Supporto'!$O$10,'Dati di Supporto'!$P$10,Vendite!G76='Dati di Supporto'!$O$11,'Dati di Supporto'!$P$11,Vendite!G76='Dati di Supporto'!$O$12,'Dati di Supporto'!$P$12,Vendite!G76='Dati di Supporto'!$O$13,'Dati di Supporto'!$P$13,Vendite!G76='Dati di Supporto'!$O$14,'Dati di Supporto'!$P$14) -> Bollettino postale
A77: 76 | B77: 41728 | C77: Bianchi | D77: Pesaro e Urbino | E77: Cancelleria | F77: 568 | G77: 4 | H77: =VLOOKUP(D77,'Dati di Supporto'!$B$2:$C$104,2,FALSE) -> Marche | I77: =VLOOKUP(D77,'Dati di Supporto'!$B$2:$D$104,3,FALSE) -> PS | J77: =VLOOKUP(H77,'Dati di Supporto'!$G$2:$H$21,2,FALSE) -> CENTRO | K77: =COUNTIF($C$2:$C$501,C77) -> 87 | L77: =_xlfn.IFS(Vendite!F77<'Dati di Supporto'!$O$3,'Dati di Supporto'!$P$2,Vendite!F77<'Dati di Supporto'!$O$4,'Dati di Supporto'!$P$3,Vendite!F77<'Dati di Supporto'!$O$5,'Dati di Supporto'!$P$4,Vendite!F77<'Dati di Supporto'!$O$6,'Dati di Supporto'!$P$5,Vendite!F77>'Dati di Supporto'!$O$6,'Dati di Supporto'!$P$6) -> Fascia 2 (da 400 € a meno di 800 €) | M77: =_xlfn.IFS(G77='Dati di Supporto'!$O$10,'Dati di Supporto'!$P$10,Vendite!G77='Dati di Supporto'!$O$11,'Dati di Supporto'!$P$11,Vendite!G77='Dati di Supporto'!$O$12,'Dati di Supporto'!$P$12,Vendite!G77='Dati di Supporto'!$O$13,'Dati di Supporto'!$P$13,Vendite!G77='Dati di Supporto'!$O$14,'Dati di Supporto'!$P$14) -> Bollettino postale
A78: 77 | B78: 41677 | C78: Bianchi | D78: Torino | E78: Art. Regalo | F78: 1932 | G78: 3 | H78: =VLOOKUP(D78,'Dati di Supporto'!$B$2:$C$104,2,FALSE) -> Piemonte | I78: =VLOOKUP(D78,'Dati di Supporto'!$B$2:$D$104,3,FALSE) -> TO | J78: =VLOOKUP(H78,'Dati di Supporto'!$G$2:$H$21,2,FALSE) -> NORD | K78: =COUNTIF($C$2:$C$501,C78) -> 87 | L78: =_xlfn.IFS(Vendite!F78<'Dati di Supporto'!$O$3,'Dati di Supporto'!$P$2,Vendite!F78<'Dati di Supporto'!$O$4,'Dati di Supporto'!$P$3,Vendite!F78<'Dati di Supporto'!$O$5,'Dati di Supporto'!$P$4,Vendite!F78<'Dati di Supporto'!$O$6,'Dati di Supporto'!$P$5,Vendite!F78>'Dati di Supporto'!$O$6,'Dati di Supporto'!$P$6) -> Fascia 5 (da 1500 € e oltre) | M78: =_xlfn.IFS(G78='Dati di Supporto'!$O$10,'Dati di Supporto'!$P$10,Vendite!G78='Dati di Supporto'!$O$11,'Dati di Supporto'!$P$11,Vendite!G78='Dati di Supporto'!$O$12,'Dati di Supporto'!$P$12,Vendite!G78='Dati di Supporto'!$O$13,'Dati di Supporto'!$P$13,Vendite!G78='Dati di Supporto'!$O$14,'Dati di Supporto'!$P$14) -> Carta di credito
A79: 78 | B79: 41677 | C79: Neri | D79: Pistoia | E79: Informatica | F79: 1124 | G79: 4 | H79: =VLOOKUP(D79,'Dati di Supporto'!$B$2:$C$104,2,FALSE) -> Toscana | I79: =VLOOKUP(D79,'Dati di Supporto'!$B$2:$D$104,3,FALSE) -> PT | J79: =VLOOKUP(H79,'Dati di Supporto'!$G$2:$H$21,2,FALSE) -> CENTRO | K79: =COUNTIF($C$2:$C$501,C79) -> 70 | L79: =_xlfn.IFS(Vendite!F79<'Dati di Supporto'!$O$3,'Dati di Supporto'!$P$2,Vendite!F79<'Dati di Supporto'!$O$4,'Dati di Supporto'!$P$3,Vendite!F79<'Dati di Supporto'!$O$5,'Dati di Supporto'!$P$4,Vendite!F79<'Dati di Supporto'!$O$6,'Dati di Supporto'!$P$5,Vendite!F79>'Dati di Supporto'!$O$6,'Dati di Supporto'!$P$6) -> Fascia 3 (da 800 € a meno di 1200 €) | M79: =_xlfn.IFS(G79='Dati di Supporto'!$O$10,'Dati di Supporto'!$P$10,Vendite!G79='Dati di Supporto'!$O$11,'Dati di Supporto'!$P$11,Vendite!G79='Dati di Supporto'!$O$12,'Dati di Supporto'!$P$12,Vendite!G79='Dati di Supporto'!$O$13,'Dati di Supporto'!$P$13,Vendite!G79='Dati di Supporto'!$O$14,'Dati di Supporto'!$P$14) -> Bollettino postale
A80: 79 | B80: 41812 | C80: Rossi | D80: Sondrio | E80: Cancelleria | F80: 920 | G80: 1 | H80: =VLOOKUP(D80,'Dati di Supporto'!$B$2:$C$104,2,FALSE) -> Lombardia | I80: =VLOOKUP(D80,'Dati di Supporto'!$B$2:$D$104,3,FALSE) -> SO | J80: =VLOOKUP(H80,'Dati di Supporto'!$G$2:$H$21,2,FALSE) -> NORD | K80: =COUNTIF($C$2:$C$501,C80) -> 96 | L80: =_xlfn.IFS(Vendite!F80<'Dati di Supporto'!$O$3,'Dati di Supporto'!$P$2,Vendite!F80<'Dati di Supporto'!$O$4,'Dati di Supporto'!$P$3,Vendite!F80<'Dati di Supporto'!$O$5,'Dati di Supporto'!$P$4,Vendite!F80<'Dati di Supporto'!$O$6,'Dati di Supporto'!$P$5,Vendite!F80>'Dati di Supporto'!$O$6,'Dati di Supporto'!$P$6) -> Fascia 3 (da 800 € a meno di 1200 €) | M80: =_xlfn.IFS(G80='Dati di Supporto'!$O$10,'Dati di Supporto'!$P$10,Vendite!G80='Dati di Supporto'!$O$11,'Dati di Supporto'!$P$11,Vendite!G80='Dati di Supporto'!$O$12,'Dati di Supporto'!$P$12,Vendite!G80='Dati di Supporto'!$O$13,'Dati di Supporto'!$P$13,Vendite!G80='Dati di Supporto'!$O$14,'Dati di Supporto'!$P$14) -> Contanti
A81: 80 | B81: 41723 | C81: Neri | D81: Pavia | E81: Art. Regalo | F81: 44 | G81: 1 | H81: =VLOOKUP(D81,'Dati di Supporto'!$B$2:$C$104,2,FALSE) -> Lombardia | I81: =VLOOKUP(D81,'Dati di Supporto'!$B$2:$D$104,3,FALSE) -> PV | J81: =VLOOKUP(H81,'Dati di Supporto'!$G$2:$H$21,2,FALSE) -> NORD | K81: =COUNTIF($C$2:$C$501,C81) -> 70 | L81: =_xlfn.IFS(Vendite!F81<'Dati di Supporto'!$O$3,'Dati di Supporto'!$P$2,Vendite!F81<'Dati di Supporto'!$O$4,'Dati di Supporto'!$P$3,Vendite!F81<'Dati di Supporto'!$O$5,'Dati di Supporto'!$P$4,Vendite!F81<'Dati di Supporto'!$O$6,'Dati di Supporto'!$P$5,Vendite!F81>'Dati di Supporto'!$O$6,'Dati di Supporto'!$P$6) -> Fascia 1 (inferiore a 400 €) | M81: =_xlfn.IFS(G81='Dati di Supporto'!$O$10,'Dati di Supporto'!$P$10,Vendite!G81='Dati di Supporto'!$O$11,'Dati di Supporto'!$P$11,Vendite!G81='Dati di Supporto'!$O$12,'Dati di Supporto'!$P$12,Vendite!G81='Dati di Supporto'!$O$13,'Dati di Supporto'!$P$13,Vendite!G81='Dati di Supporto'!$O$14,'Dati di Supporto'!$P$14) -> Contanti
A82: 81 | B82: 41780 | C82: Neri | D82: Piacenza | E82: Art. Regalo | F82: 1261 | G82: 1 | H82: =VLOOKUP(D82,'Dati di Supporto'!$B$2:$C$104,2,FALSE) -> Emilia-Romagna | I82: =VLOOKUP(D82,'Dati di Supporto'!$B$2:$D$104,3,FALSE) -> PC | J82: =VLOOKUP(H82,'Dati di Supporto'!$G$2:$H$21,2,FALSE) -> NORD | K82: =COUNTIF($C$2:$C$501,C82) -> 70 | L82: =_xlfn.IFS(Vendite!F82<'Dati di Supporto'!$O$3,'Dati di Supporto'!$P$2,Vendite!F82<'Dati di Supporto'!$O$4,'Dati di Supporto'!$P$3,Vendite!F82<'Dati di Supporto'!$O$5,'Dati di Supporto'!$P$4,Vendite!F82<'Dati di Supporto'!$O$6,'Dati di Supporto'!$P$5,Vendite!F82>'Dati di Supporto'!$O$6,'Dati di Supporto'!$P$6) -> Fascia 4 (da 1200 € a meno di 1500 €) | M82: =_xlfn.IFS(G82='Dati di Supporto'!$O$10,'Dati di Supporto'!$P$10,Vendite!G82='Dati di Supporto'!$O$11,'Dati di Supporto'!$P$11,Vendite!G82='Dati di Supporto'!$O$12,'Dati di Supporto'!$P$12,Vendite!G82='Dati di Supporto'!$O$13,'Dati di Supporto'!$P$13,Vendite!G82='Dati di Supporto'!$O$14,'Dati di Supporto'!$P$14) -> Contanti
A83: 82 | B83: 41661 | C83: Azzurri | D83: Reggio nell'Emilia | E83: Cancelleria | F83: 1283 | G83: 4 | H83: =VLOOKUP(D83,'Dati di Supporto'!$B$2:$C$104,2,FALSE) -> Emilia-Romagna | I83: =VLOOKUP(D83,'Dati di Supporto'!$B$2:$D$104,3,FALSE) -> RE | J83: =VLOOKUP(H83,'Dati di Supporto'!$G$2:$H$21,2,FALSE) -> NORD | K83: =COUNTIF($C$2:$C$501,C83) -> 83 | L83: =_xlfn.IFS(Vendite!F83<'Dati di Supporto'!$O$3,'Dati di Supporto'!$P$2,Vendite!F83<'Dati di Supporto'!$O$4,'Dati di Supporto'!$P$3,Vendite!F83<'Dati di Supporto'!$O$5,'Dati di Supporto'!$P$4,Vendite!F83<'Dati di Supporto'!$O$6,'Dati di Supporto'!$P$5,Vendite!F83>'Dati di Supporto'!$O$6,'Dati di Supporto'!$P$6) -> Fascia 4 (da 1200 € a meno di 1500 €) | M83: =_xlfn.IFS(G83='Dati di Supporto'!$O$10,'Dati di Supporto'!$P$10,Vendite!G83='Dati di Supporto'!$O$11,'Dati di Supporto'!$P$11,Vendite!G83='Dati di Supporto'!$O$12,'Dati di Supporto'!$P$12,Vendite!G83='Dati di Supporto'!$O$13,'Dati di Supporto'!$P$13,Vendite!G83='Dati di Supporto'!$O$14,'Dati di Supporto'!$P$14) -> Bollettino postale
A84: 83 | B84: 41721 | C84: Gialli | D84: Roma | E84: Informatica | F84: 311 | G84: 2 | H84: =VLOOKUP(D84,'Dati di Supporto'!$B$2:$C$104,2,FALSE) -> Lazio | I84: =VLOOKUP(D84,'Dati di Supporto'!$B$2:$D$104,3,FALSE) -> RM | J84: =VLOOKUP(H84,'Dati di Supporto'!$G$2:$H$21,2,FALSE) -> CENTRO | K84: =COUNTIF($C$2:$C$501,C84) -> 80 | L84: =_xlfn.IFS(Vendite!F84<'Dati di Supporto'!$O$3,'Dati di Supporto'!$P$2,Vendite!F84<'Dati di Supporto'!$O$4,'Dati di Supporto'!$P$3,Vendite!F84<'Dati di Supporto'!$O$5,'Dati di Supporto'!$P$4,Vendite!F84<'Dati di Supporto'!$O$6,'Dati di Supporto'!$P$5,Vendite!F84>'Dati di Supporto'!$O$6,'Dati di Supporto'!$P$6) -> Fascia 1 (inferiore a 400 €) | M84: =_xlfn.IFS(G84='Dati di Supporto'!$O$10,'Dati di Supporto'!$P$10,Vendite!G84='Dati di Supporto'!$O$11,'Dati di Supporto'!$P$11,Vendite!G84='Dati di Supporto'!$O$12,'Dati di Supporto'!$P$12,Vendite!G84='Dati di Supporto'!$O$13,'Dati di Supporto'!$P$13,Vendite!G84='Dati di Supporto'!$O$14,'Dati di Supporto'!$P$14) -> Bonifico Bancario
... A501: 500 | B501: 41718 | C501: Verdi | D501: Trapani | E501: Cancelleria | F501: 1892 | G501: 4 | H501: =VLOOKUP(D501,'Dati di Supporto'!$B$2:$C$104,2,FALSE) -> Sicilia | I501: =VLOOKUP(D501,'Dati di Supporto'!$B$2:$D$104,3,FALSE) -> TP | J501: =VLOOKUP(H501,'Dati di Supporto'!$G$2:$H$21,2,FALSE) -> ISOLE | K501: =COUNTIF($C$2:$C$501,C501) -> 84 | L501: =_xlfn.IFS(Vendite!F501<'Dati di Supporto'!$O$3,'Dati di Supporto'!$P$2,Vendite!F501<'Dati di Supporto'!$O$4,'Dati di Supporto'!$P$3,Vendite!F501<'Dati di Supporto'!$O$5,'Dati di Supporto'!$P$4,Vendite!F501<'Dati di Supporto'!$O$6,'Dati di Supporto'!$P$5,Vendite!F501>'Dati di Supporto'!$O$6,'Dati di Supporto'!$P$6) -> Fascia 5 (da 1500 € e oltre) | M501: =_xlfn.IFS(G501='Dati di Supporto'!$O$10,'Dati di Supporto'!$P$10,Vendite!G501='Dati di Supporto'!$O$11,'Dati di Supporto'!$P$11,Vendite!G501='Dati di Supporto'!$O$12,'Dati di Supporto'!$P$12,Vendite!G501='Dati di Supporto'!$O$13,'Dati di Supporto'!$P$13,Vendite!G501='Dati di Supporto'!$O$14,'Dati di Supporto'!$P$14) -> Bollettino postale

Sheet Dati di Supporto
A1: ID | B1: PROVINCE | C1: REGIONI | D1: SIGLA | F1: ID | G1: REGIONI | H1: ZONA | J1: ZONA | L1: ID | M1: VENDITORI | O1: SOGLIA | P1: NOME FASCE | Q1: NR
A2: 1 | B2: Agrigento | C2: Sicilia | D2: AG | F2: 1 | G2: Abruzzo | H2: CENTRO | J2: NORD | L2: 1 | M2: Bianchi | O2: 0 | P2: ="Fascia " & Q2 & " (inferiore a "& O3 & " €)" -> Fascia 1 (inferiore a 400 €) | Q2: 1
A3: 2 | B3: Alessandria | C3: Piemonte | D3: AL | F3: 2 | G3: Basilicata | H3: SUD | J3: CENTRO | L3: 2 | M3: Neri | O3: 400 | P3: ="Fascia " & Q3 & " (da "& O3 &" € a meno di "& O4 & " €)" -> Fascia 2 (da 400 € a meno di 800 €) | Q3: 2
A4: 3 | B4: Ancona | C4: Marche | D4: AN | F4: 3 | G4: Calabria | H4: SUD | J4: SUD | L4: 3 | M4: Rossi | O4: 800 | P4: ="Fascia " & Q4 & " (da "& O4 &" € a meno di "& O5 & " €)" -> Fascia 3 (da 800 € a meno di 1200 €) | Q4: 3
A5: 4 | B5: Aosta | C5: Valle d'Aosta | D5: AO | F5: 4 | G5: Campania | H5: SUD | J5: ISOLE | L5: 4 | M5: Azzurri | O5: 1200 | P5: ="Fascia " & Q5 & " (da "& O5 &" € a meno di "& O6 & " €)" -> Fascia 4 (da 1200 € a meno di 1500 €) | Q5: 4
A6: 5 | B6: Arezzo | C6: Toscana | D6: AR | F6: 5 | G6: Emilia-Romagna | H6: NORD | L6: 5 | M6: Gialli | O6: 1500 | P6: ="Fascia " & Q6 & " (da "&O6 & " € e oltre)" -> Fascia 5 (da 1500 € e oltre) | Q6: 5
A7: 6 | B7: Ascoli Piceno | C7: Marche | D7: AP | F7: 6 | G7: Friuli-Venezia Giulia | H7: NORD | L7: 6 | M7: Verdi
A8: 7 | B8: Asti | C8: Piemonte | D8: AT | F8: 7 | G8: Lazio | H8: CENTRO
A9: 8 | B9: Avellino | C9: Campania | D9: AV | F9: 8 | G9: Liguria | H9: NORD | L9: ID | M9: SETTORE | O9: ID | P9: Modalità di pagamento
A10: 9 | B10: Bari | C10: Puglia | D10: BA | F10: 9 | G10: Lombardia | H10: NORD | L10: 1 | M10: Cancelleria | O10: 1 | P10: Contanti
A11: 10 | B11: Belluno | C11: Veneto | D11: BL | F11: 10 | G11: Marche | H11: CENTRO | L11: 2 | M11: Informatica | O11: 2 | P11: Bonifico Bancario
A12: 11 | B12: Benevento | C12: Campania | D12: BN | F12: 11 | G12: Molise | H12: CENTRO | L12: 3 | M12: Giocattoli | O12: 3 | P12: Carta di credito
A13: 12 | B13: Bergamo | C13: Lombardia | D13: BG | F13: 12 | G13: Piemonte | H13: NORD | L13: 4 | M13: Art. Regalo | O13: 4 | P13: Bollettino postale
A14: 13 | B14: Biella | C14: Piemonte | D14: BI | F14: 13 | G14: Puglia | H14: SUD | L14: 5 | M14: Libri | O14: 5 | P14: Assegno Bancario
A15: 14 | B15: Bologna | C15: Emilia-Romagna | D15: BO | F15: 14 | G15: Sardegna | H15: ISOLE
A16: 15 | B16: Bolzano | C16: Trentino-Alto Adige | D16: BZ | F16: 15 | G16: Sicilia | H16: ISOLE
A17: 16 | B17: Brescia | C17: Lombardia | D17: BS | F17: 16 | G17: Toscana | H17: CENTRO
A18: 17 | B18: Brindisi | C18: Puglia | D18: BR | F18: 17 | G18: Trentino-Alto Adige | H18: NORD
A19: 18 | B19: Cagliari | C19: Sardegna | D19: CA | F19: 18 | G19: Umbria | H19: CENTRO
A20: 19 | B20: Caltanissetta | C20: Sicilia | D20: CL | F20: 19 | G20: Valle d'Aosta | H20: NORD
A21: 20 | B21: Campobasso | C21: Molise | D21: CB | F21: 20 | G21: Veneto | H21: NORD
A22: 21 | B22: Caserta | C22: Campania | D22: CE
A23: 22 | B23: Catania | C23: Sicilia | D23: CT
A24: 23 | B24: Catanzaro | C24: Calabria | D24: CZ
A25: 24 | B25: Chieti | C25: Abruzzo | D25: CH
A26: 25 | B26: Como | C26: Lombardia | D26: CO
A27: 26 | B27: Cosenza | C27: Calabria | D27: CS
A28: 27 | B28: Cremona | C28: Lombardia | D28: CR
A29: 28 | B29: Crotone | C29: Calabria | D29: KR
A30: 29 | B30: Cuneo | C30: Piemonte | D30: CN
A31: 30 | B31: Enna | C31: Sicilia | D31: EN
A32: 31 | B32: Ferrara | C32: Emilia-Romagna | D32: FE
A33: 32 | B33: Firenze | C33: Toscana | D33: FI
... A104: 103 | B104: Viterbo | C104: Lazio | D104: VT

Sheet Esercizio 1
A3: Media di Fatturato | B3: Settore
A4: Agente | B4: Art. Regalo | C4: Cancelleria | D4: Giocattoli | E4: Informatica | F4: Libri | G4: Totale complessivo
A5: Azzurri | B5: 1061.6 | C5: 1088.7857 | D5: 1240.4375 | E5: 856.76471 | F5: 1097.5714 | G5: 1067.8072
A6: Bianchi | B6: 1039.8095 | C6: 664 | D6: 1077.0476 | E6: 1223.8667 | F6: 1131.4 | G6: 1058.3908
A7: Gialli | B7: 1065.7273 | C7: 927.73684 | D7: 998.07143 | E7: 956.53846 | F7: 1116.3333 | G7: 1010.9625
A8: Neri | B8: 1182.7333 | C8: 1108.1667 | D8: 1032.3571 | E8: 1019.6429 | F8: 760.46667 | G8: 1016.7714
A9: Rossi | B9: 963.36842 | C9: 1067 | D9: 859.29412 | E9: 1024.9444 | F9: 936.35 | G9: 974.60417
A10: Verdi | B10: 913.61111 | C10: 899.54545 | D10: 1138.2667 | E10: 1359.2143 | F10: 982.6 | G10: 1036.631
A11: Totale complessivo | B11: 1033.6 | C11: 970.42424 | D11: 1057.4536 | E11: 1067.1538 | F11: 1009.1845 | G11: 1026.796
G18: Etichette di colonna
G19: Azzurri | H19: Bianchi | I19: Gialli | J19: Neri | K19: Rossi | L19: Totale complessivo | M19: Verdi | N19: Totale complessivo
F20: Somma di Art. Regalo | G20: 1061.6 | H20: 1039.8095 | I20: 1065.7273 | J20: 1182.7333 | K20: 963.36842 | L20: 1033.6 | M20: 913.61111 | N20: 7260.4497

Sheet Esercizio 2
A3: Somma di Fatturato | B3: Etichette di colonna
A4: Etichette di riga | B4: Cancelleria | C4: Informatica | D4: Totale complessivo
A5: Bianchi | B5: 715 | C5: 1090 | D5: 1805
A6: Sassari | C6: 1090 | D6: 1090
A7: Trento | B7: 715 | D7: 715
A8: Neri | B8: 1421 | D8: 1421
A9: Rovigo | B9: 1421 | D9: 1421
A10: Verdi | B10: 2501 | D10: 2501
A11: Rovigo | B11: 3 | D11: 3
A12: Sassari | B12: 1916 | D12: 1916
A13: Trento | B13: 582 | D13: 582
A14: Totale complessivo | B14: 4637 | C14: 1090 | D14: 5727
B18: Etichette di riga | C18: Somma di Cancelleria | D18: Somma di Informatica
B19: Bianchi | C19: 715 | D19: 1090
B20: Neri | C20: 1421
B21: Verdi | C21: 2501
B22: Totale complessivo | C22: 4637 | D22: 1090

Sheet Esercizio 3
A3: Fatturato Settore/mese | B3: Settore
A4: Mesi | B4: Art. Regalo | C4: Cancelleria | D4: Giocattoli | E4: Informatica | F4: Libri | G4: Totale complessivo
A5: gen | B5: 8993 | C5: 18166 | D5: 18737 | E5: 12190 | F5: 16234 | G5: 74320
A6: feb | B6: 24821 | C6: 13396 | D6: 22665 | E6: 16942 | F6: 20553 | G6: 98377
A7: mar | B7: 14467 | C7: 15587 | D7: 10142 | E7: 20558 | F7: 15611 | G7: 76365
A8: apr | B8: 22590 | C8: 13960 | D8: 14922 | E8: 18124 | F8: 14466 | G8: 84062
A9: mag | B9: 20012 | C9: 16914 | D9: 24718 | E9: 13463 | F9: 14273 | G9: 89380
A10: giu | B10: 22813 | C10: 18049 | D10: 11389 | E10: 15834 | F10: 22809 | G10: 90894
A11: Totale complessivo | B11: 113696 | C11: 96072 | D11: 102573 | E11: 97111 | F11: 103946 | G11: 513398
B17: Etichette di riga | C17: Somma di Art. Regalo | D17: Somma di Cancelleria | E17: Somma di Giocattoli | F17: Somma di Informatica | G17: Somma di Libri
B18: gen | C18: 8993 | D18: 18166 | E18: 18737 | F18: 12190 | G18: 16234
B19: feb | C19: 24821 | D19: 13396 | E19: 22665 | F19: 16942 | G19: 20553
B20: mar | C20: 14467 | D20: 15587 | E20: 10142 | F20: 20558 | G20: 15611
B21: apr | C21: 22590 | D21: 13960 | E21: 14922 | F21: 18124 | G21: 14466
B22: mag | C22: 20012 | D22: 16914 | E22: 24718 | F22: 13463 | G22: 14273
B23: giu | C23: 22813 | D23: 18049 | E23: 11389 | F23: 15834 | G23: 22809
B24: Totale complessivo | C24: 113696 | D24: 96072 | E24: 102573 | F24: 97111 | G24: 103946
B25: Totale complessivo | C25: 227392 | D25: 192144 | E25: 205146 | F25: 194222 | G25: 207892

Sheet Esercizio 4
A3: Fatturato medio | B3: Settore
A4: Regione | B4: Art. Regalo | C4: Cancelleria | D4: Giocattoli | E4: Informatica | F4: Libri | G4: Totale complessivo
A5: Abruzzo | B5: 417 | C5: 726 | D5: 1724.8 | E5: 933.4 | F5: 947.5 | G5: 1097.1053
A6: Basilicata | B6: 1030.6 | C6: 764.66667 | D6: 855 | E6: 1897 | F6: 1208 | G6: 1012
A7: Calabria | B7: 1236.25 | C7: 1472.75 | D7: 1149.2 | E7: 865.81818 | F7: 1041.5714 | G7: 1077.3226
A8: Campania | B8: 1239.25 | D8: 721.25 | E8: 155 | F8: 1611 | G8: 1146.5714
A9: Emilia-Romagna | B9: 1299.8889 | C9: 1040.3077 | D9: 790.16667 | E9: 1175.8571 | F9: 868.75 | G9: 1034.4681
A10: Friuli-Venezia Giulia | B10: 723.33333 | C10: 531.33333 | D10: 1327.4286 | E10: 1235.75 | F10: 684.75 | G10: 907.48148
A11: Lazio | B11: 1107.3636 | C11: 1129.4286 | D11: 953.57143 | E11: 839.6 | F11: 1114.625 | G11: 1049.3947
A12: Liguria | B12: 688.5 | C12: 1493 | D12: 1247.5 | E12: 1236.2 | F12: 1537.4286 | G12: 1207.0455
A13: Lombardia | B13: 860.28571 | C13: 1039.125 | D13: 976.2 | E13: 1008 | F13: 786.16667 | G13: 931.9375
A14: Marche | B14: 947.66667 | C14: 1032.6667 | D14: 1234 | E14: 1421.3333 | F14: 1596 | G14: 1185
A15: Piemonte | B15: 1180.5455 | C15: 532.55556 | D15: 783 | E15: 1524.5 | F15: 892 | G15: 902.7561
A16: Puglia | D16: 840 | E16: 662 | F16: 997 | G16: 764.6
A17: Sardegna | B17: 1123.8 | C17: 1045.6667 | D17: 1494 | E17: 623 | F17: 908.66667 | G17: 989.66667
A18: Sicilia | B18: 1231.7143 | C18: 1156.6667 | D18: 1045 | E18: 1160.7273 | F18: 702.83333 | G18: 1080.2059
A19: Toscana | B19: 831 | C19: 1178.0909 | D19: 1001.6 | E19: 817.09091 | F19: 1016.3333 | G19: 966.36538
A20: Trentino-Alto Adige | C20: 685.33333 | D20: 1774 | E20: 1136.5 | F20: 689 | G20: 970.28571
A21: Umbria | B21: 675.875 | C21: 1001.25 | D21: 1170.5714 | E21: 1353.4 | F21: 1138 | G21: 1029.0625
A22: Veneto | B22: 1269.4167 | C22: 865.90909 | D22: 1048 | E22: 1303.9091 | F22: 923.44444 | G22: 1088.4828
A23: Totale complessivo | B23: 1033.6 | C23: 970.42424 | D23: 1057.4536 | E23: 1067.1538 | F23: 1009.1845 | G23: 1026.796

Sheet Esercizio 5
A3: Conteggio di Vedite | B3: Etichette di colonna
A4: Etichette di riga | B4: CENTRO | C4: ISOLE | D4: NORD | E4: SUD | F4: Totale complessivo
A5: Azzurri | B5: 30 | C5: 11 | D5: 29 | E5: 13 | F5: 83
A6: Bianchi | B6: 26 | C6: 12 | D6: 44 | E6: 5 | F6: 87
A7: Gialli | B7: 20 | C7: 6 | D7: 42 | E7: 12 | F7: 80
A8: Neri | B8: 18 | C8: 5 | D8: 40 | E8: 7 | F8: 70
A9: Rossi | B9: 29 | C9: 8 | D9: 45 | E9: 14 | F9: 96
A10: Verdi | B10: 29 | C10: 7 | D10: 34 | E10: 14 | F10: 84
A11: Totale complessivo | B11: 152 | C11: 49 | D11: 234 | E11: 65 | F11: 500

Sheet Esercizio 6
A3: Nr vendite per fascia e agente | B3: Venditore
A4: Fascia | B4: Azzurri | C4: Bianchi | D4: Gialli | E4: Neri | F4: Rossi | G4: Verdi | H4: Totale complessivo
A5: Fascia 1 (inferiore a 400 €) | B5: 18 | C5: 13 | D5: 16 | E5: 13 | F5: 14 | G5: 17 | H5: 91
A6: Fascia 4 (da 1200 € a meno di 1500 €) | B6: 15 | C6: 14 | D6: 10 | E6: 12 | F6: 14 | G6: 16 | H6: 81
A7: Fascia 3 (da 800 € a meno di 1200 €) | B7: 15 | C7: 19 | D7: 14 | E7: 18 | F7: 20 | G7: 13 | H7: 99
A8: Fascia 2 (da 400 € a meno di 800 €) | B8: 10 | C8: 17 | D8: 17 | E8: 11 | F8: 27 | G8: 15 | H8: 97
A9: Fascia 5 (da 1500 € e oltre) | B9: 25 | C9: 24 | D9: 23 | E9: 16 | F9: 21 | G9: 23 | H9: 132
A10: Totale complessivo | B10: 83 | C10: 87 | D10: 80 | E10: 70 | F10: 96 | G10: 84 | H10: 500
B18: Etichette di riga | C18: Somma di Azzurri | D18: Somma di Bianchi | E18: Somma di Gialli | F18: Somma di Neri | G18: Somma di Rossi | H18: Somma di Verdi
B19: Fascia 1 (inferiore a 400 €) | C19: 18 | D19: 13 | E19: 16 | F19: 13 | G19: 14 | H19: 17
B20: Fascia 2 (da 400 € a meno di 800 €) | C20: 10 | D20: 17 | E20: 17 | F20: 11 | G20: 27 | H20: 15
B21: Fascia 3 (da 800 € a meno di 1200 €) | C21: 15 | D21: 19 | E21: 14 | F21: 18 | G21: 20 | H21: 13
B22: Fascia 4 (da 1200 € a meno di 1500 €) | C22: 15 | D22: 14 | E22: 10 | F22: 12 | G22: 14 | H22: 16
B23: Fascia 5 (da 1500 € e oltre) | C23: 25 | D23: 24 | E23: 23 | F23: 16 | G23: 21 | H23: 23
B24: Totale complessivo | C24: 83 | D24: 87 | E24: 80 | F24: 70 | G24: 96 | H24: 84
B25: Totale complessivo | C25: 166 | D25: 174 | E25: 160 | F25: 140 | G25: 192 | H25: 168

Sheet Esercizio 7
A3: Fatturato per: | B3: Settore
A4: Zone/Regioni | B4: Cancelleria | C4: Informatica | D4: Libri | E4: Totale complessivo
A5: CENTRO | B5: 33425 | C5: 28884 | D5: 29897 | E5: 92206
A6: Abruzzo | B6: 1452 | C6: 4667 | D6: 5685 | E6: 11804
A7: Lazio | B7: 7906 | C7: 4198 | D7: 8917 | E7: 21021
A8: Marche | B8: 3098 | C8: 4264 | D8: 1596 | E8: 8958
A9: Toscana | B9: 12959 | C9: 8988 | D9: 9147 | E9: 31094
A10: Umbria | B10: 8010 | C10: 6767 | D10: 4552 | E10: 19329
A11: ISOLE | B11: 10077 | C11: 14637 | D11: 6943 | E11: 31657
A12: Sardegna | B12: 3137 | C12: 1869 | D12: 2726 | E12: 7732
A13: Sicilia | B13: 6940 | C13: 12768 | D13: 4217 | E13: 23925
A14: NORD | B14: 44385 | C14: 40028 | D14: 48347 | E14: 132760
A15: Emilia-Romagna | B15: 13524 | C15: 8231 | D15: 10425 | E15: 32180
A16: Friuli-Venezia Giulia | B16: 3188 | C16: 4943 | D16: 2739 | E16: 10870
... A24: Calabria | B24: 5891 | C24: 9524 | D24: 7291 | E24: 22706
A25: Campania | C25: 155 | D25: 8055 | E25: 8210
A26: Puglia | C26: 1986 | D26: 997 | E26: 2983
A27: Totale complessivo | B27: 96072 | C27: 97111 | D27: 103946 | E27: 297129

Sheet Esercizio 8
A3: Tipo di pagamento | B3: % rispetto al fatturato complessivo | C3: % rispetto al numero di vendite complessivo
A4: Contanti | B4: 0.17743349 | C4: 0.194
A5: Carta di credito | B5: 0.24063787 | C5: 0.222
A6: Bonifico Bancario | B6: 0.18649664 | C6: 0.186
A7: Bollettino postale | B7: 0.18610513 | C7: 0.182
A8: Assegno Bancario | B8: 0.20932688 | C8: 0.216
A9: Totale complessivo | B9: 1 | C9: 1
